Year,Units,Value
2010,пайыз,27.208284564083492
2011,пайыз,27.407385368840586
2012,пайыз,28.50209020109739
2013,пайыз,28.45558017446005
2014,пайыз,26.248224076767467
2015,пайыз,25.836666270579382
2016,пайыз,26.79929100574212
2017,пайыз,22.63874740436675
2018,пайыз,26.6
