Year,Units,Value
2011,пайыз,50.6
2012,пайыз,61.90662401932264
2013,пайыз,63.3
2014,пайыз,63.9
2015,пайыз,72.8660129673921
2016,пайыз,76.8
2017,пайыз,78.8
2018,пайыз,81.3
