Year,Value,Units
2014,837.0,пайыз
2015,880.0,пайыз
2016,950.0,пайыз
2017,927.0,пайыз
2018,958.5151485136366,пайыз
2019,1038.3052663604008,пайыз
