Year,Units,Value
2010,пайыз,5.724655114193832
2011,пайыз,5.1160227566437175
2012,пайыз,5.895514825699013
2013,пайыз,5.755110647925178
2014,пайыз,6.96335857005814
2015,пайыз,7.873647499522124
2016,пайыз,7.199852173571244
2017,пайыз,6.360494998547763
2018,пайыз,6.0
