Year,Value,Units,GeoCode
2010,5.724655114193832,пайыз,
2011,5.1160227566437175,пайыз,
2012,5.895514825699013,пайыз,
2013,5.755110647925178,пайыз,
2014,6.96335857005814,пайыз,
2015,7.873647499522124,пайыз,
2016,7.199852173571244,пайыз,
2017,6.360494998547763,пайыз,
2018,6.0,пайыз,
