Year,Value,Units
2010,0.1534083148247186,пайыз
2011,0.15349473890263993,пайыз
2012,0.16525162547305133,пайыз
2013,0.17131769493391086,пайыз
2014,0.1672242147183758,пайыз
2015,0.16951050174633028,пайыз
2016,0.1417893749674,пайыз
2017,0.12667462629198512,пайыз
2018,0.11683127406953507,пайыз
2019,0.12,пайыз
