{"data":{"Year":[2010,2011,2012,2013,2014,2015,2016,2017,2018],"Units":["\u043f\u0430\u0439\u044b\u0437","\u043f\u0430\u0439\u044b\u0437","\u043f\u0430\u0439\u044b\u0437","\u043f\u0430\u0439\u044b\u0437","\u043f\u0430\u0439\u044b\u0437","\u043f\u0430\u0439\u044b\u0437","\u043f\u0430\u0439\u044b\u0437","\u043f\u0430\u0439\u044b\u0437","\u043f\u0430\u0439\u044b\u0437"],"Value":[7.690001499,13.9755493063,17.0476650993,21.0614988382,16.6314989217,17.887711459,18.3162883029,17.4234714839,18.6433835353]},"edges":[]}