{"data":{"Year":[2014,2015,2016,2017,2015,2016,2017],"Units":["\u043c\u043b\u043d.\u0410\u049a\u0428 \u0434\u043e\u043b\u043b\u0430\u0440","\u043c\u043b\u043d.\u0410\u049a\u0428 \u0434\u043e\u043b\u043b\u0430\u0440","\u043c\u043b\u043d.\u0410\u049a\u0428 \u0434\u043e\u043b\u043b\u0430\u0440","\u043c\u043b\u043d.\u0410\u049a\u0428 \u0434\u043e\u043b\u043b\u0430\u0440","\u043c\u043b\u043d.\u0410\u049a\u0428 \u0434\u043e\u043b\u043b\u0430\u0440","\u043c\u043b\u043d.\u0410\u049a\u0428 \u0434\u043e\u043b\u043b\u0430\u0440","\u043c\u043b\u043d.\u0410\u049a\u0428 \u0434\u043e\u043b\u043b\u0430\u0440"],"\u0420\u0435\u0441\u043c\u0438 \u0434\u0430\u043c\u0443 \u0431\u043e\u0439\u044b\u043d\u0448\u0430 \u043a\u04e9\u043c\u0435\u043a":[null,null,null,null,"\u049a\u0430\u0437\u0430\u049b\u0441\u0442\u0430\u043d-\u0434\u043e\u043d\u043e\u0440","\u049a\u0430\u0437\u0430\u049b\u0441\u0442\u0430\u043d-\u0434\u043e\u043d\u043e\u0440","\u049a\u0430\u0437\u0430\u049b\u0441\u0442\u0430\u043d-\u0434\u043e\u043d\u043e\u0440"],"Value":[0.02,0.02,0.03,0.02,42.772842,30.83,34.64443]},"edges":[]}