{"data":{"Year":[2013,2014,2015,2016,2017,2018,2019],"Units":["\u043f\u0430\u0439\u044b\u0437","\u043f\u0430\u0439\u044b\u0437","\u043f\u0430\u0439\u044b\u0437","\u043f\u0430\u0439\u044b\u0437","\u043f\u0430\u0439\u044b\u0437","\u043f\u0430\u0439\u044b\u0437","\u043f\u0430\u0439\u044b\u0437"],"Value":[2.195585628,2.3246347086,2.299241928,2.4186024336,2.0986148516,1.9932211239,2.2]},"edges":[]}