{"data":{"Year":[2010,2011,2012,2013,2014,2015,2016,2017,2018],"Units":["\u043a\u0433 \u0421\u041e2-\u044d\u043a\u0432/\u043c\u0435\u0436\u0434.\u0434\u043e\u043b\u043b\u0430\u0440\u043e\u0432","\u043a\u0433 \u0421\u041e2-\u044d\u043a\u0432/\u043c\u0435\u0436\u0434.\u0434\u043e\u043b\u043b\u0430\u0440\u043e\u0432","\u043a\u0433 \u0421\u041e2-\u044d\u043a\u0432/\u043c\u0435\u0436\u0434.\u0434\u043e\u043b\u043b\u0430\u0440\u043e\u0432","\u043a\u0433 \u0421\u041e2-\u044d\u043a\u0432/\u043c\u0435\u0436\u0434.\u0434\u043e\u043b\u043b\u0430\u0440\u043e\u0432","\u043a\u0433 \u0421\u041e2-\u044d\u043a\u0432/\u043c\u0435\u0436\u0434.\u0434\u043e\u043b\u043b\u0430\u0440\u043e\u0432","\u043a\u0433 \u0421\u041e2-\u044d\u043a\u0432/\u043c\u0435\u0436\u0434.\u0434\u043e\u043b\u043b\u0430\u0440\u043e\u0432","\u043a\u0433 \u0421\u041e2-\u044d\u043a\u0432/\u043c\u0435\u0436\u0434.\u0434\u043e\u043b\u043b\u0430\u0440\u043e\u0432","\u043a\u0433 \u0421\u041e2-\u044d\u043a\u0432/\u043c\u0435\u0436\u0434.\u0434\u043e\u043b\u043b\u0430\u0440\u043e\u0432","\u043a\u0433 \u0421\u041e2-\u044d\u043a\u0432/\u043c\u0435\u0436\u0434.\u0434\u043e\u043b\u043b\u0430\u0440\u043e\u0432"],"Value":[0.9223284029,0.8376791559,0.8241990018,0.8036733476,0.8405798826,0.8585805997,0.8582778092,0.8810725341,0.8889266642]},"edges":[]}