{"data":{"Year":[2010,2011,2012,2013,2014,2015,2016,2017,2018],"Units":["\u0442\u043e\u043d\u043d \u0421\u041e2-\u044d\u043a\u0432/\u0434\u0443\u0448\u0443 \u043d\u0430\u0441\u0435\u043b\u0435\u043d\u0438\u044f","\u0442\u043e\u043d\u043d \u0421\u041e2-\u044d\u043a\u0432/\u0434\u0443\u0448\u0443 \u043d\u0430\u0441\u0435\u043b\u0435\u043d\u0438\u044f","\u0442\u043e\u043d\u043d \u0421\u041e2-\u044d\u043a\u0432/\u0434\u0443\u0448\u0443 \u043d\u0430\u0441\u0435\u043b\u0435\u043d\u0438\u044f","\u0442\u043e\u043d\u043d \u0421\u041e2-\u044d\u043a\u0432/\u0434\u0443\u0448\u0443 \u043d\u0430\u0441\u0435\u043b\u0435\u043d\u0438\u044f","\u0442\u043e\u043d\u043d \u0421\u041e2-\u044d\u043a\u0432/\u0434\u0443\u0448\u0443 \u043d\u0430\u0441\u0435\u043b\u0435\u043d\u0438\u044f","\u0442\u043e\u043d\u043d \u0421\u041e2-\u044d\u043a\u0432/\u0434\u0443\u0448\u0443 \u043d\u0430\u0441\u0435\u043b\u0435\u043d\u0438\u044f","\u0442\u043e\u043d\u043d \u0421\u041e2-\u044d\u043a\u0432/\u0434\u0443\u0448\u0443 \u043d\u0430\u0441\u0435\u043b\u0435\u043d\u0438\u044f","\u0442\u043e\u043d\u043d \u0421\u041e2-\u044d\u043a\u0432/\u0434\u0443\u0448\u0443 \u043d\u0430\u0441\u0435\u043b\u0435\u043d\u0438\u044f","\u0442\u043e\u043d\u043d \u0421\u041e2-\u044d\u043a\u0432/\u0434\u0443\u0448\u0443 \u043d\u0430\u0441\u0435\u043b\u0435\u043d\u0438\u044f"],"Value":[18.5604727863,17.7772674173,18.1125580171,18.500938662,19.8136339541,20.2467042702,20.1173085789,21.2583223097,21.9608603763]},"edges":[]}