{"Year":[2010,2011,2012,2013,2013,2014,2014,2015,2015,2016,2016,2017,2017,2018],"Units":["\u043c\u043b\u043d.\u0434\u043e\u043b\u043b.\u0421\u0428\u0410","\u043c\u043b\u043d.\u0434\u043e\u043b\u043b.\u0421\u0428\u0410","\u043c\u043b\u043d.\u0434\u043e\u043b\u043b.\u0421\u0428\u0410","\u043c\u043b\u043d.\u0434\u043e\u043b\u043b.\u0421\u0428\u0410","\u043c\u043b\u043d.\u0434\u043e\u043b\u043b.\u0421\u0428\u0410","\u043c\u043b\u043d.\u0434\u043e\u043b\u043b.\u0421\u0428\u0410","\u043c\u043b\u043d.\u0434\u043e\u043b\u043b.\u0421\u0428\u0410","\u043c\u043b\u043d.\u0434\u043e\u043b\u043b.\u0421\u0428\u0410","\u043c\u043b\u043d.\u0434\u043e\u043b\u043b.\u0421\u0428\u0410","\u043c\u043b\u043d.\u0434\u043e\u043b\u043b.\u0421\u0428\u0410","\u043c\u043b\u043d.\u0434\u043e\u043b\u043b.\u0421\u0428\u0410","\u043c\u043b\u043d.\u0434\u043e\u043b\u043b.\u0421\u0428\u0410","\u043c\u043b\u043d.\u0434\u043e\u043b\u043b.\u0421\u0428\u0410","\u043c\u043b\u043d.\u0434\u043e\u043b\u043b.\u0421\u0428\u0410"],"\u0420\u0435\u0441\u043c\u0438 \u0434\u0430\u043c\u0443 \u0431\u043e\u0439\u044b\u043d\u0448\u0430 \u043a\u04e9\u043c\u0435\u043a":["\u049a\u0430\u0437\u0430\u049b\u0441\u0442\u0430\u043d-\u0430\u043b\u0443\u0448\u044b","\u049a\u0430\u0437\u0430\u049b\u0441\u0442\u0430\u043d-\u0430\u043b\u0443\u0448\u044b","\u049a\u0430\u0437\u0430\u049b\u0441\u0442\u0430\u043d-\u0430\u043b\u0443\u0448\u044b","\u049a\u0430\u0437\u0430\u049b\u0441\u0442\u0430\u043d-\u0430\u043b\u0443\u0448\u044b","\u049a\u0430\u0437\u0430\u049b\u0441\u0442\u0430\u043d-\u0434\u043e\u043d\u043e\u0440","\u049a\u0430\u0437\u0430\u049b\u0441\u0442\u0430\u043d-\u0430\u043b\u0443\u0448\u044b","\u049a\u0430\u0437\u0430\u049b\u0441\u0442\u0430\u043d-\u0434\u043e\u043d\u043e\u0440","\u049a\u0430\u0437\u0430\u049b\u0441\u0442\u0430\u043d-\u0430\u043b\u0443\u0448\u044b","\u049a\u0430\u0437\u0430\u049b\u0441\u0442\u0430\u043d-\u0434\u043e\u043d\u043e\u0440","\u049a\u0430\u0437\u0430\u049b\u0441\u0442\u0430\u043d-\u0430\u043b\u0443\u0448\u044b","\u049a\u0430\u0437\u0430\u049b\u0441\u0442\u0430\u043d-\u0434\u043e\u043d\u043e\u0440","\u049a\u0430\u0437\u0430\u049b\u0441\u0442\u0430\u043d-\u0430\u043b\u0443\u0448\u044b","\u049a\u0430\u0437\u0430\u049b\u0441\u0442\u0430\u043d-\u0434\u043e\u043d\u043e\u0440","\u049a\u0430\u0437\u0430\u049b\u0441\u0442\u0430\u043d-\u0434\u043e\u043d\u043e\u0440"],"Value":[1094.763065,1041.625945,787.272574,860.401022,0.070134,1144.874709,0.165732,586.004652,0.655176,1382.724414,1.739989,386.028586,0.108509,3.53]}