Year,Value,Units
2010,22.7,на 100 000 родившихся живыми
2011,17.4,на 100 000 родившихся живыми
2012,13.5,на 100 000 родившихся живыми
2013,13.1,на 100 000 родившихся живыми
2014,15.209315082155198,на 100 000 родившихся живыми
2015,16.549690445562803,на 100 000 родившихся живыми
2016,15.416634548678026,на 100 000 родившихся живыми
2017,14.812204234758115,на 100 000 родившихся живыми
2018,14.0,на 100 000 родившихся живыми
2019,13.7,на 100 000 родившихся живыми
