Year,Value,Units
2010,0.9223284028901289,кг СО2-экв/межд.долларов
2011,0.8376791559312612,кг СО2-экв/межд.долларов
2012,0.8241990018494106,кг СО2-экв/межд.долларов
2013,0.8036733476430892,кг СО2-экв/межд.долларов
2014,0.8405798825500509,кг СО2-экв/межд.долларов
2015,0.8585805997134278,кг СО2-экв/межд.долларов
2016,0.8582778091584062,кг СО2-экв/межд.долларов
2017,0.8810725341360007,кг СО2-экв/межд.долларов
2018,0.8889266642021519,кг СО2-экв/межд.долларов
