Year,Units,Value
2010,Percent,27.208284564083492
2011,Percent,27.407385368840586
2012,Percent,28.50209020109739
2013,Percent,28.45558017446005
2014,Percent,26.248224076767467
2015,Percent,25.836666270579382
2016,Percent,26.79929100574212
2017,Percent,22.63874740436675
2018,Percent,26.6
