Year,Value,Units
2010,27.208284564083492,Percent
2011,27.407385368840586,Percent
2012,28.50209020109739,Percent
2013,28.45558017446005,Percent
2014,26.248224076767467,Percent
2015,25.836666270579382,Percent
2016,26.79929100574212,Percent
2017,22.63874740436675,Percent
2018,26.6,Percent
