Year,Value,Units
2014,837.0,Percent
2015,880.0,Percent
2016,950.0,Percent
2017,927.0,Percent
2018,958.5151485136366,Percent
2019,1038.3052663604008,Percent
