Year,Units,Value
2010,Percent,5.724655114193832
2011,Percent,5.1160227566437175
2012,Percent,5.895514825699013
2013,Percent,5.755110647925178
2014,Percent,6.96335857005814
2015,Percent,7.873647499522124
2016,Percent,7.199852173571244
2017,Percent,6.360494998547763
2018,Percent,6.0
