Year,Value,Units
2010,0.1534083148247186,Percent
2011,0.15349473890263993,Percent
2012,0.16525162547305133,Percent
2013,0.17131769493391086,Percent
2014,0.1672242147183758,Percent
2015,0.16951050174633028,Percent
2016,0.1417893749674,Percent
2017,0.12667462629198512,Percent
2018,0.11683127406953507,Percent
2019,0.12,Percent
