Year,Value,Units
2014,837.0,процент
2015,880.0,процент
2016,950.0,процент
2017,927.0,процент
2018,958.5151485136366,процент
2019,1038.3052663604008,процент
