Year,Value,Units
2010,0.1534083148247186,процент
2011,0.15349473890263993,процент
2012,0.16525162547305133,процент
2013,0.17131769493391086,процент
2014,0.1672242147183758,процент
2015,0.16951050174633028,процент
2016,0.1417893749674,процент
2017,0.12667462629198512,процент
2018,0.11683127406953507,процент
2019,0.12,процент
