{"data":{"Year":[2010,2011,2012,2013,2014,2015,2016,2017,2018],"Units":["Percent","Percent","Percent","Percent","Percent","Percent","Percent","Percent","Percent"],"Value":[6.7032485803,6.8455084743,5.7282236122,4.766421284,4.9899727329,5.1553622407,5.5384906549,4.5575490738,5.6]},"edges":[]}