{"data":{"Year":[2010,2011,2012,2013,2014,2015,2016,2016,2017,2017],"Units":["\u043c\u043b\u043d.\u0434\u043e\u043b\u043b.\u0421\u0428\u0410","\u043c\u043b\u043d.\u0434\u043e\u043b\u043b.\u0421\u0428\u0410","\u043c\u043b\u043d.\u0434\u043e\u043b\u043b.\u0421\u0428\u0410","\u043c\u043b\u043d.\u0434\u043e\u043b\u043b.\u0421\u0428\u0410","\u043c\u043b\u043d.\u0434\u043e\u043b\u043b.\u0421\u0428\u0410","\u043c\u043b\u043d.\u0434\u043e\u043b\u043b.\u0421\u0428\u0410","\u043c\u043b\u043d.\u0434\u043e\u043b\u043b.\u0421\u0428\u0410","\u043c\u043b\u043d.\u0434\u043e\u043b\u043b.\u0421\u0428\u0410","\u043c\u043b\u043d.\u0434\u043e\u043b\u043b.\u0421\u0428\u0410","\u043c\u043b\u043d.\u0434\u043e\u043b\u043b.\u0421\u0428\u0410"],"Official development assistance":["Kazakhstan as beneficiary","Kazakhstan as beneficiary","Kazakhstan as beneficiary","Kazakhstan as beneficiary","Kazakhstan as beneficiary","Kazakhstan as beneficiary","Kazakhstan as beneficiary","Kazakhstan as donor","Kazakhstan as beneficiary","Kazakhstan as donor"],"Value":[52.809627,13.76959,3.400815,32.236242,6.119229,64.913873,3.961957,0.00315,42.990499,0.003098]},"edges":[]}