{"data":{"Year":[2010,2011,2012,2013,2013,2014,2014,2015,2015,2016,2016,2017,2017],"Units":["\u043c\u043b\u043d.\u0434\u043e\u043b\u043b.\u0421\u0428\u0410","\u043c\u043b\u043d.\u0434\u043e\u043b\u043b.\u0421\u0428\u0410","\u043c\u043b\u043d.\u0434\u043e\u043b\u043b.\u0421\u0428\u0410","\u043c\u043b\u043d.\u0434\u043e\u043b\u043b.\u0421\u0428\u0410","\u043c\u043b\u043d.\u0434\u043e\u043b\u043b.\u0421\u0428\u0410","\u043c\u043b\u043d.\u0434\u043e\u043b\u043b.\u0421\u0428\u0410","\u043c\u043b\u043d.\u0434\u043e\u043b\u043b.\u0421\u0428\u0410","\u043c\u043b\u043d.\u0434\u043e\u043b\u043b.\u0421\u0428\u0410","\u043c\u043b\u043d.\u0434\u043e\u043b\u043b.\u0421\u0428\u0410","\u043c\u043b\u043d.\u0434\u043e\u043b\u043b.\u0421\u0428\u0410","\u043c\u043b\u043d.\u0434\u043e\u043b\u043b.\u0421\u0428\u0410","\u043c\u043b\u043d.\u0434\u043e\u043b\u043b.\u0421\u0428\u0410","\u043c\u043b\u043d.\u0434\u043e\u043b\u043b.\u0421\u0428\u0410"],"Official development assistance":["Kazakhstan as beneficiary","Kazakhstan as beneficiary","Kazakhstan as beneficiary","Kazakhstan as beneficiary","Kazakhstan as donor","Kazakhstan as beneficiary","Kazakhstan as donor","Kazakhstan as beneficiary","Kazakhstan as donor","Kazakhstan as beneficiary","Kazakhstan as donor","Kazakhstan as beneficiary","Kazakhstan as donor"],"Value":[20.900557,4.356568,0.906232,0.166397,0.003803,0.022668,0.006619,0.167596,0.00729,0.219449,0.010404,0.712969,0.003098]},"edges":[]}