{"data":{"Year":[2010,2011,2012,2013,2013,2014,2014,2015,2015,2016,2016,2017,2017,2018],"Units":["\u043c\u043b\u043d.\u0434\u043e\u043b\u043b.\u0421\u0428\u0410","\u043c\u043b\u043d.\u0434\u043e\u043b\u043b.\u0421\u0428\u0410","\u043c\u043b\u043d.\u0434\u043e\u043b\u043b.\u0421\u0428\u0410","\u043c\u043b\u043d.\u0434\u043e\u043b\u043b.\u0421\u0428\u0410","\u043c\u043b\u043d.\u0434\u043e\u043b\u043b.\u0421\u0428\u0410","\u043c\u043b\u043d.\u0434\u043e\u043b\u043b.\u0421\u0428\u0410","\u043c\u043b\u043d.\u0434\u043e\u043b\u043b.\u0421\u0428\u0410","\u043c\u043b\u043d.\u0434\u043e\u043b\u043b.\u0421\u0428\u0410","\u043c\u043b\u043d.\u0434\u043e\u043b\u043b.\u0421\u0428\u0410","\u043c\u043b\u043d.\u0434\u043e\u043b\u043b.\u0421\u0428\u0410","\u043c\u043b\u043d.\u0434\u043e\u043b\u043b.\u0421\u0428\u0410","\u043c\u043b\u043d.\u0434\u043e\u043b\u043b.\u0421\u0428\u0410","\u043c\u043b\u043d.\u0434\u043e\u043b\u043b.\u0421\u0428\u0410","\u043c\u043b\u043d.\u0434\u043e\u043b\u043b.\u0421\u0428\u0410"],"Official development assistance":["Kazakhstan as beneficiary","Kazakhstan as beneficiary","Kazakhstan as beneficiary","Kazakhstan as beneficiary","Kazakhstan as donor","Kazakhstan as beneficiary","Kazakhstan as donor","Kazakhstan as beneficiary","Kazakhstan as donor","Kazakhstan as beneficiary","Kazakhstan as donor","Kazakhstan as beneficiary","Kazakhstan as donor","Kazakhstan as donor"],"Value":[1094.763065,1041.625945,787.272574,860.401022,0.070134,1144.874709,0.165732,586.004652,0.655176,1382.724414,1.739989,386.028586,0.108509,3.53]},"edges":[]}