Year,Units,Value
2010,кг СО2-экв/межд.долларов,0.9223284028901287
2011,кг СО2-экв/межд.долларов,0.8376791559312612
2012,кг СО2-экв/межд.долларов,0.8241990018494106
2013,кг СО2-экв/межд.долларов,0.803673347643089
2014,кг СО2-экв/межд.долларов,0.840579882550051
2015,кг СО2-экв/межд.долларов,0.8585805997134278
2016,кг СО2-экв/межд.долларов,0.8582778091584062
2017,кг СО2-экв/межд.долларов,0.8810725341360007
2018,кг СО2-экв/межд.долларов,0.8889266642021519
