{"Year":[2010,2011,2012,2013,2014,2015,2016,2017],"Units":["million tenge","million tenge","million tenge","million tenge","million tenge","million tenge","million tenge","million tenge"],"Value":[-527264178.8000000119,-568618498.5,-890308744.0,-700927751.2999999523,-1086670436.5,-915704.8,-737717.6,-1455319.8]}