{"Year":[2010,2011,2012,2013,2013,2014,2014,2015,2015,2016,2016,2017,2017],"Units":["\u043c\u043b\u043d.\u0434\u043e\u043b\u043b.\u0421\u0428\u0410","\u043c\u043b\u043d.\u0434\u043e\u043b\u043b.\u0421\u0428\u0410","\u043c\u043b\u043d.\u0434\u043e\u043b\u043b.\u0421\u0428\u0410","\u043c\u043b\u043d.\u0434\u043e\u043b\u043b.\u0421\u0428\u0410","\u043c\u043b\u043d.\u0434\u043e\u043b\u043b.\u0421\u0428\u0410","\u043c\u043b\u043d.\u0434\u043e\u043b\u043b.\u0421\u0428\u0410","\u043c\u043b\u043d.\u0434\u043e\u043b\u043b.\u0421\u0428\u0410","\u043c\u043b\u043d.\u0434\u043e\u043b\u043b.\u0421\u0428\u0410","\u043c\u043b\u043d.\u0434\u043e\u043b\u043b.\u0421\u0428\u0410","\u043c\u043b\u043d.\u0434\u043e\u043b\u043b.\u0421\u0428\u0410","\u043c\u043b\u043d.\u0434\u043e\u043b\u043b.\u0421\u0428\u0410","\u043c\u043b\u043d.\u0434\u043e\u043b\u043b.\u0421\u0428\u0410","\u043c\u043b\u043d.\u0434\u043e\u043b\u043b.\u0421\u0428\u0410"],"Official development assistance":["Kazakhstan as beneficiary","Kazakhstan as beneficiary","Kazakhstan as beneficiary","Kazakhstan as beneficiary","Kazakhstan as donor","Kazakhstan as beneficiary","Kazakhstan as donor","Kazakhstan as beneficiary","Kazakhstan as donor","Kazakhstan as beneficiary","Kazakhstan as donor","Kazakhstan as beneficiary","Kazakhstan as donor"],"Value":[459.119206,140.796046,64.973739,67.695702,0.080092,236.623382,9.33595,477.362276,11.912603,1025.859048,10.298983,184.107148,9.761301]}