{"Year":[2010,2011,2012,2013,2014,2015,2016,2016,2017,2017],"Units":["\u043c\u043b\u043d.\u0434\u043e\u043b\u043b.\u0421\u0428\u0410","\u043c\u043b\u043d.\u0434\u043e\u043b\u043b.\u0421\u0428\u0410","\u043c\u043b\u043d.\u0434\u043e\u043b\u043b.\u0421\u0428\u0410","\u043c\u043b\u043d.\u0434\u043e\u043b\u043b.\u0421\u0428\u0410","\u043c\u043b\u043d.\u0434\u043e\u043b\u043b.\u0421\u0428\u0410","\u043c\u043b\u043d.\u0434\u043e\u043b\u043b.\u0421\u0428\u0410","\u043c\u043b\u043d.\u0434\u043e\u043b\u043b.\u0421\u0428\u0410","\u043c\u043b\u043d.\u0434\u043e\u043b\u043b.\u0421\u0428\u0410","\u043c\u043b\u043d.\u0434\u043e\u043b\u043b.\u0421\u0428\u0410","\u043c\u043b\u043d.\u0434\u043e\u043b\u043b.\u0421\u0428\u0410"],"Official development assistance":["Kazakhstan as donor","Kazakhstan as donor","Kazakhstan as donor","Kazakhstan as donor","Kazakhstan as donor","Kazakhstan as donor","Kazakhstan as donor","Kazakhstan as beneficiary","Kazakhstan as donor","Kazakhstan as beneficiary"],"Value":[3.184537,3.719071,3.063886,3.576984,2.545952,2.946629,3.563592,1.91,4.701934,0.049169]}