{"Year":[2013,2014,2015,2016,2017,2018,2019],"Units":["Percent","Percent","Percent","Percent","Percent","Percent","Percent"],"Value":[2.195585628,2.3246347086,2.299241928,2.4186024336,2.0986148516,1.9932211239,2.2]}