{"Year":[2010,2011,2012,2013,2014,2015,2016,2017,2018,2019],"Units":["\u043c\u043b\u043d.\u0442\u0435\u043d\u0433\u0435","\u043c\u043b\u043d.\u0442\u0435\u043d\u0433\u0435","\u043c\u043b\u043d.\u0442\u0435\u043d\u0433\u0435","\u043c\u043b\u043d.\u0442\u0435\u043d\u0433\u0435","\u043c\u043b\u043d.\u0442\u0435\u043d\u0433\u0435","\u043c\u043b\u043d.\u0442\u0435\u043d\u0433\u0435","\u043c\u043b\u043d.\u0442\u0435\u043d\u0433\u0435","\u043c\u043b\u043d.\u0442\u0435\u043d\u0433\u0435","\u043c\u043b\u043d.\u0442\u0435\u043d\u0433\u0435","\u043c\u043b\u043d.\u0442\u0435\u043d\u0433\u0435"],"Value":[-527264.1788,-568618.4985,-890308.7440000001,-700927.7513,-1086670.4365000001,-915704.8,-737717.6,-1455319.8,-833072.3,-1285306.718378]}